/home/dc-uda/Udacity_SDC/CarND-Behavioral-Cloning-P3/data/IMG/center_2017_04_22_18_00_18_648.jpg,/home/dc-uda/Udacity_SDC/CarND-Behavioral-Cloning-P3/data/IMG/left_2017_04_22_18_00_18_648.jpg,/home/dc-uda/Udacity_SDC/CarND-Behavioral-Cloning-P3/data/IMG/right_2017_04_22_18_00_18_648.jpg,0,0,0,5.391531E-05
/home/dc-uda/Udacity_SDC/CarND-Behavioral-Cloning-P3/data/IMG/center_2017_04_22_18_00_18_718.jpg,/home/dc-uda/Udacity_SDC/CarND-Behavioral-Cloning-P3/data/IMG/left_2017_04_22_18_00_18_718.jpg,/home/dc-uda/Udacity_SDC/CarND-Behavioral-Cloning-P3/data/IMG/right_2017_04_22_18_00_18_718.jpg,0,0,0,5.323519E-05
/home/dc-uda/Udacity_SDC/CarND-Behavioral-Cloning-P3/data/IMG/center_2017_04_22_18_00_18_787.jpg,/home/dc-uda/Udacity_SDC/CarND-Behavioral-Cloning-P3/data/IMG/left_2017_04_22_18_00_18_787.jpg,/home/dc-uda/Udacity_SDC/CarND-Behavioral-Cloning-P3/data/IMG/right_2017_04_22_18_00_18_787.jpg,0,0,0,5.365115E-05
/home/dc-uda/Udacity_SDC/CarND-Behavioral-Cloning-P3/data/IMG/center_2017_04_22_18_00_18_856.jpg,/home/dc-uda/Udacity_SDC/CarND-Behavioral-Cloning-P3/data/IMG/left_2017_04_22_18_00_18_856.jpg,/home/dc-uda/Udacity_SDC/CarND-Behavioral-Cloning-P3/data/IMG/right_2017_04_22_18_00_18_856.jpg,0,0,0,5.42701E-05
/home/dc-uda/Udacity_SDC/CarND-Behavioral-Cloning-P3/data/IMG/center_2017_04_22_18_00_18_924.jpg,/home/dc-uda/Udacity_SDC/CarND-Behavioral-Cloning-P3/data/IMG/left_2017_04_22_18_00_18_924.jpg,/home/dc-uda/Udacity_SDC/CarND-Behavioral-Cloning-P3/data/IMG/right_2017_04_22_18_00_18_924.jpg,0,0,0,5.323586E-05
/home/dc-uda/Udacity_SDC/CarND-Behavioral-Cloning-P3/data/IMG/center_2017_04_22_18_00_18_995.jpg,/home/dc-uda/Udacity_SDC/CarND-Behavioral-Cloning-P3/data/IMG/left_2017_04_22_18_00_18_995.jpg,/home/dc-uda/Udacity_SDC/CarND-Behavioral-Cloning-P3/data/IMG/right_2017_04_22_18_00_18_995.jpg,0,0,0,0.000053387
/home/dc-uda/Udacity_SDC/CarND-Behavioral-Cloning-P3/data/IMG/center_2017_04_22_18_00_19_065.jpg,/home/dc-uda/Udacity_SDC/CarND-Behavioral-Cloning-P3/data/IMG/left_2017_04_22_18_00_19_065.jpg,/home/dc-uda/Udacity_SDC/CarND-Behavioral-Cloning-P3/data/IMG/right_2017_04_22_18_00_19_065.jpg,0,0,0,5.34091E-05
/home/dc-uda/Udacity_SDC/CarND-Behavioral-Cloning-P3/data/IMG/center_2017_04_22_18_00_19_134.jpg,/home/dc-uda/Udacity_SDC/CarND-Behavioral-Cloning-P3/data/IMG/left_2017_04_22_18_00_19_134.jpg,/home/dc-uda/Udacity_SDC/CarND-Behavioral-Cloning-P3/data/IMG/right_2017_04_22_18_00_19_134.jpg,0,0,0,5.319189E-05
/home/dc-uda/Udacity_SDC/CarND-Behavioral-Cloning-P3/data/IMG/center_2017_04_22_18_00_19_203.jpg,/home/dc-uda/Udacity_SDC/CarND-Behavioral-Cloning-P3/data/IMG/left_2017_04_22_18_00_19_203.jpg,/home/dc-uda/Udacity_SDC/CarND-Behavioral-Cloning-P3/data/IMG/right_2017_04_22_18_00_19_203.jpg,0,0,0,0.000053374
/home/dc-uda/Udacity_SDC/CarND-Behavioral-Cloning-P3/data/IMG/center_2017_04_22_18_00_19_273.jpg,/home/dc-uda/Udacity_SDC/CarND-Behavioral-Cloning-P3/data/IMG/left_2017_04_22_18_00_19_273.jpg,/home/dc-uda/Udacity_SDC/CarND-Behavioral-Cloning-P3/data/IMG/right_2017_04_22_18_00_19_273.jpg,0,0,0,5.335285E-05
/home/dc-uda/Udacity_SDC/CarND-Behavioral-Cloning-P3/data/IMG/center_2017_04_22_18_00_19_342.jpg,/home/dc-uda/Udacity_SDC/CarND-Behavioral-Cloning-P3/data/IMG/left_2017_04_22_18_00_19_342.jpg,/home/dc-uda/Udacity_SDC/CarND-Behavioral-Cloning-P3/data/IMG/right_2017_04_22_18_00_19_342.jpg,0,0,0,5.326494E-05
/home/dc-uda/Udacity_SDC/CarND-Behavioral-Cloning-P3/data/IMG/center_2017_04_22_18_00_19_410.jpg,/home/dc-uda/Udacity_SDC/CarND-Behavioral-Cloning-P3/data/IMG/left_2017_04_22_18_00_19_410.jpg,/home/dc-uda/Udacity_SDC/CarND-Behavioral-Cloning-P3/data/IMG/right_2017_04_22_18_00_19_410.jpg,0,0,0,5.336546E-05
/home/dc-uda/Udacity_SDC/CarND-Behavioral-Cloning-P3/data/IMG/center_2017_04_22_18_00_19_479.jpg,/home/dc-uda/Udacity_SDC/CarND-Behavioral-Cloning-P3/data/IMG/left_2017_04_22_18_00_19_479.jpg,/home/dc-uda/Udacity_SDC/CarND-Behavioral-Cloning-P3/data/IMG/right_2017_04_22_18_00_19_479.jpg,0,0,0,5.327527E-05
/home/dc-uda/Udacity_SDC/CarND-Behavioral-Cloning-P3/data/IMG/center_2017_04_22_18_00_19_570.jpg,/home/dc-uda/Udacity_SDC/CarND-Behavioral-Cloning-P3/data/IMG/left_2017_04_22_18_00_19_570.jpg,/home/dc-uda/Udacity_SDC/CarND-Behavioral-Cloning-P3/data/IMG/right_2017_04_22_18_00_19_570.jpg,0,0,0,5.349751E-05
/home/dc-uda/Udacity_SDC/CarND-Behavioral-Cloning-P3/data/IMG/center_2017_04_22_18_00_19_639.jpg,/home/dc-uda/Udacity_SDC/CarND-Behavioral-Cloning-P3/data/IMG/left_2017_04_22_18_00_19_639.jpg,/home/dc-uda/Udacity_SDC/CarND-Behavioral-Cloning-P3/data/IMG/right_2017_04_22_18_00_19_639.jpg,0,0,0,5.33477E-05
/home/dc-uda/Udacity_SDC/CarND-Behavioral-Cloning-P3/data/IMG/center_2017_04_22_18_00_19_709.jpg,/home/dc-uda/Udacity_SDC/CarND-Behavioral-Cloning-P3/data/IMG/left_2017_04_22_18_00_19_709.jpg,/home/dc-uda/Udacity_SDC/CarND-Behavioral-Cloning-P3/data/IMG/right_2017_04_22_18_00_19_709.jpg,0,0,0,5.334048E-05
/home/dc-uda/Udacity_SDC/CarND-Behavioral-Cloning-P3/data/IMG/center_2017_04_22_18_00_19_779.jpg,/home/dc-uda/Udacity_SDC/CarND-Behavioral-Cloning-P3/data/IMG/left_2017_04_22_18_00_19_779.jpg,/home/dc-uda/Udacity_SDC/CarND-Behavioral-Cloning-P3/data/IMG/right_2017_04_22_18_00_19_779.jpg,0,0,0,5.333264E-05
/home/dc-uda/Udacity_SDC/CarND-Behavioral-Cloning-P3/data/IMG/center_2017_04_22_18_00_19_846.jpg,/home/dc-uda/Udacity_SDC/CarND-Behavioral-Cloning-P3/data/IMG/left_2017_04_22_18_00_19_846.jpg,/home/dc-uda/Udacity_SDC/CarND-Behavioral-Cloning-P3/data/IMG/right_2017_04_22_18_00_19_846.jpg,0,0,0,5.33583E-05
/home/dc-uda/Udacity_SDC/CarND-Behavioral-Cloning-P3/data/IMG/center_2017_04_22_18_00_19_915.jpg,/home/dc-uda/Udacity_SDC/CarND-Behavioral-Cloning-P3/data/IMG/left_2017_04_22_18_00_19_915.jpg,/home/dc-uda/Udacity_SDC/CarND-Behavioral-Cloning-P3/data/IMG/right_2017_04_22_18_00_19_915.jpg,0,0,0,5.333511E-05
/home/dc-uda/Udacity_SDC/CarND-Behavioral-Cloning-P3/data/IMG/center_2017_04_22_18_00_19_984.jpg,/home/dc-uda/Udacity_SDC/CarND-Behavioral-Cloning-P3/data/IMG/left_2017_04_22_18_00_19_984.jpg,/home/dc-uda/Udacity_SDC/CarND-Behavioral-Cloning-P3/data/IMG/right_2017_04_22_18_00_19_984.jpg,0,0,0,5.330138E-05
/home/dc-uda/Udacity_SDC/CarND-Behavioral-Cloning-P3/data/IMG/center_2017_04_22_18_00_20_053.jpg,/home/dc-uda/Udacity_SDC/CarND-Behavioral-Cloning-P3/data/IMG/left_2017_04_22_18_00_20_053.jpg,/home/dc-uda/Udacity_SDC/CarND-Behavioral-Cloning-P3/data/IMG/right_2017_04_22_18_00_20_053.jpg,0,0,0,5.333991E-05
/home/dc-uda/Udacity_SDC/CarND-Behavioral-Cloning-P3/data/IMG/center_2017_04_22_18_00_20_122.jpg,/home/dc-uda/Udacity_SDC/CarND-Behavioral-Cloning-P3/data/IMG/left_2017_04_22_18_00_20_122.jpg,/home/dc-uda/Udacity_SDC/CarND-Behavioral-Cloning-P3/data/IMG/right_2017_04_22_18_00_20_122.jpg,0,0,0,0.000053341
/home/dc-uda/Udacity_SDC/CarND-Behavioral-Cloning-P3/data/IMG/center_2017_04_22_18_00_20_190.jpg,/home/dc-uda/Udacity_SDC/CarND-Behavioral-Cloning-P3/data/IMG/left_2017_04_22_18_00_20_190.jpg,/home/dc-uda/Udacity_SDC/CarND-Behavioral-Cloning-P3/data/IMG/right_2017_04_22_18_00_20_190.jpg,0,0,0,5.334326E-05
/home/dc-uda/Udacity_SDC/CarND-Behavioral-Cloning-P3/data/IMG/center_2017_04_22_18_00_20_258.jpg,/home/dc-uda/Udacity_SDC/CarND-Behavioral-Cloning-P3/data/IMG/left_2017_04_22_18_00_20_258.jpg,/home/dc-uda/Udacity_SDC/CarND-Behavioral-Cloning-P3/data/IMG/right_2017_04_22_18_00_20_258.jpg,0,0,0,0.000053873
/home/dc-uda/Udacity_SDC/CarND-Behavioral-Cloning-P3/data/IMG/center_2017_04_22_18_00_20_326.jpg,/home/dc-uda/Udacity_SDC/CarND-Behavioral-Cloning-P3/data/IMG/left_2017_04_22_18_00_20_326.jpg,/home/dc-uda/Udacity_SDC/CarND-Behavioral-Cloning-P3/data/IMG/right_2017_04_22_18_00_20_326.jpg,0,0,0,0.000053301
/home/dc-uda/Udacity_SDC/CarND-Behavioral-Cloning-P3/data/IMG/center_2017_04_22_18_00_20_394.jpg,/home/dc-uda/Udacity_SDC/CarND-Behavioral-Cloning-P3/data/IMG/left_2017_04_22_18_00_20_394.jpg,/home/dc-uda/Udacity_SDC/CarND-Behavioral-Cloning-P3/data/IMG/right_2017_04_22_18_00_20_394.jpg,0,0,0,0.000053342
/home/dc-uda/Udacity_SDC/CarND-Behavioral-Cloning-P3/data/IMG/center_2017_04_22_18_00_20_462.jpg,/home/dc-uda/Udacity_SDC/CarND-Behavioral-Cloning-P3/data/IMG/left_2017_04_22_18_00_20_462.jpg,/home/dc-uda/Udacity_SDC/CarND-Behavioral-Cloning-P3/data/IMG/right_2017_04_22_18_00_20_462.jpg,0,0,0,5.333991E-05
/home/dc-uda/Udacity_SDC/CarND-Behavioral-Cloning-P3/data/IMG/center_2017_04_22_18_00_20_531.jpg,/home/dc-uda/Udacity_SDC/CarND-Behavioral-Cloning-P3/data/IMG/left_2017_04_22_18_00_20_531.jpg,/home/dc-uda/Udacity_SDC/CarND-Behavioral-Cloning-P3/data/IMG/right_2017_04_22_18_00_20_531.jpg,0,0,0,5.352443E-05
/home/dc-uda/Udacity_SDC/CarND-Behavioral-Cloning-P3/data/IMG/center_2017_04_22_18_00_20_599.jpg,/home/dc-uda/Udacity_SDC/CarND-Behavioral-Cloning-P3/data/IMG/left_2017_04_22_18_00_20_599.jpg,/home/dc-uda/Udacity_SDC/CarND-Behavioral-Cloning-P3/data/IMG/right_2017_04_22_18_00_20_599.jpg,0,0,0,5.356987E-05
/home/dc-uda/Udacity_SDC/CarND-Behavioral-Cloning-P3/data/IMG/center_2017_04_22_18_00_20_667.jpg,/home/dc-uda/Udacity_SDC/CarND-Behavioral-Cloning-P3/data/IMG/left_2017_04_22_18_00_20_667.jpg,/home/dc-uda/Udacity_SDC/CarND-Behavioral-Cloning-P3/data/IMG/right_2017_04_22_18_00_20_667.jpg,0,0,0,5.354767E-05
/home/dc-uda/Udacity_SDC/CarND-Behavioral-Cloning-P3/data/IMG/center_2017_04_22_18_00_20_757.jpg,/home/dc-uda/Udacity_SDC/CarND-Behavioral-Cloning-P3/data/IMG/left_2017_04_22_18_00_20_757.jpg,/home/dc-uda/Udacity_SDC/CarND-Behavioral-Cloning-P3/data/IMG/right_2017_04_22_18_00_20_757.jpg,0,0,0,5.336993E-05
/home/dc-uda/Udacity_SDC/CarND-Behavioral-Cloning-P3/data/IMG/center_2017_04_22_18_00_20_825.jpg,/home/dc-uda/Udacity_SDC/CarND-Behavioral-Cloning-P3/data/IMG/left_2017_04_22_18_00_20_825.jpg,/home/dc-uda/Udacity_SDC/CarND-Behavioral-Cloning-P3/data/IMG/right_2017_04_22_18_00_20_825.jpg,0,0,0,5.355231E-05
/home/dc-uda/Udacity_SDC/CarND-Behavioral-Cloning-P3/data/IMG/center_2017_04_22_18_00_20_893.jpg,/home/dc-uda/Udacity_SDC/CarND-Behavioral-Cloning-P3/data/IMG/left_2017_04_22_18_00_20_893.jpg,/home/dc-uda/Udacity_SDC/CarND-Behavioral-Cloning-P3/data/IMG/right_2017_04_22_18_00_20_893.jpg,0,0,0,5.357165E-05
/home/dc-uda/Udacity_SDC/CarND-Behavioral-Cloning-P3/data/IMG/center_2017_04_22_18_00_20_961.jpg,/home/dc-uda/Udacity_SDC/CarND-Behavioral-Cloning-P3/data/IMG/left_2017_04_22_18_00_20_961.jpg,/home/dc-uda/Udacity_SDC/CarND-Behavioral-Cloning-P3/data/IMG/right_2017_04_22_18_00_20_961.jpg,0,0,0,5.338145E-05
/home/dc-uda/Udacity_SDC/CarND-Behavioral-Cloning-P3/data/IMG/center_2017_04_22_18_00_21_030.jpg,/home/dc-uda/Udacity_SDC/CarND-Behavioral-Cloning-P3/data/IMG/left_2017_04_22_18_00_21_030.jpg,/home/dc-uda/Udacity_SDC/CarND-Behavioral-Cloning-P3/data/IMG/right_2017_04_22_18_00_21_030.jpg,0,0,0,5.366662E-05
/home/dc-uda/Udacity_SDC/CarND-Behavioral-Cloning-P3/data/IMG/center_2017_04_22_18_00_21_097.jpg,/home/dc-uda/Udacity_SDC/CarND-Behavioral-Cloning-P3/data/IMG/left_2017_04_22_18_00_21_097.jpg,/home/dc-uda/Udacity_SDC/CarND-Behavioral-Cloning-P3/data/IMG/right_2017_04_22_18_00_21_097.jpg,0,0,0,5.340185E-05
/home/dc-uda/Udacity_SDC/CarND-Behavioral-Cloning-P3/data/IMG/center_2017_04_22_18_00_21_165.jpg,/home/dc-uda/Udacity_SDC/CarND-Behavioral-Cloning-P3/data/IMG/left_2017_04_22_18_00_21_165.jpg,/home/dc-uda/Udacity_SDC/CarND-Behavioral-Cloning-P3/data/IMG/right_2017_04_22_18_00_21_165.jpg,0,0,0,0.000053344
/home/dc-uda/Udacity_SDC/CarND-Behavioral-Cloning-P3/data/IMG/center_2017_04_22_18_00_21_338.jpg,/home/dc-uda/Udacity_SDC/CarND-Behavioral-Cloning-P3/data/IMG/left_2017_04_22_18_00_21_338.jpg,/home/dc-uda/Udacity_SDC/CarND-Behavioral-Cloning-P3/data/IMG/right_2017_04_22_18_00_21_338.jpg,0,0,0,5.395276E-05
/home/dc-uda/Udacity_SDC/CarND-Behavioral-Cloning-P3/data/IMG/center_2017_04_23_13_01_02_654.jpg,/home/dc-uda/Udacity_SDC/CarND-Behavioral-Cloning-P3/data/IMG/left_2017_04_23_13_01_02_654.jpg,/home/dc-uda/Udacity_SDC/CarND-Behavioral-Cloning-P3/data/IMG/right_2017_04_23_13_01_02_654.jpg,0,0,0,27.75808
/home/dc-uda/Udacity_SDC/CarND-Behavioral-Cloning-P3/data/IMG/center_2017_04_23_13_01_02_727.jpg,/home/dc-uda/Udacity_SDC/CarND-Behavioral-Cloning-P3/data/IMG/left_2017_04_23_13_01_02_727.jpg,/home/dc-uda/Udacity_SDC/CarND-Behavioral-Cloning-P3/data/IMG/right_2017_04_23_13_01_02_727.jpg,0,0,0,27.59052
/home/dc-uda/Udacity_SDC/CarND-Behavioral-Cloning-P3/data/IMG/center_2017_04_23_13_01_02_799.jpg,/home/dc-uda/Udacity_SDC/CarND-Behavioral-Cloning-P3/data/IMG/left_2017_04_23_13_01_02_799.jpg,/home/dc-uda/Udacity_SDC/CarND-Behavioral-Cloning-P3/data/IMG/right_2017_04_23_13_01_02_799.jpg,0,0,0,27.36849
/home/dc-uda/Udacity_SDC/CarND-Behavioral-Cloning-P3/data/IMG/center_2017_04_23_13_01_02_871.jpg,/home/dc-uda/Udacity_SDC/CarND-Behavioral-Cloning-P3/data/IMG/left_2017_04_23_13_01_02_871.jpg,/home/dc-uda/Udacity_SDC/CarND-Behavioral-Cloning-P3/data/IMG/right_2017_04_23_13_01_02_871.jpg,0,0,0,27.2029
/home/dc-uda/Udacity_SDC/CarND-Behavioral-Cloning-P3/data/IMG/center_2017_04_23_13_01_02_946.jpg,/home/dc-uda/Udacity_SDC/CarND-Behavioral-Cloning-P3/data/IMG/left_2017_04_23_13_01_02_946.jpg,/home/dc-uda/Udacity_SDC/CarND-Behavioral-Cloning-P3/data/IMG/right_2017_04_23_13_01_02_946.jpg,0,0,0,26.98362
/home/dc-uda/Udacity_SDC/CarND-Behavioral-Cloning-P3/data/IMG/center_2017_04_23_13_01_03_019.jpg,/home/dc-uda/Udacity_SDC/CarND-Behavioral-Cloning-P3/data/IMG/left_2017_04_23_13_01_03_019.jpg,/home/dc-uda/Udacity_SDC/CarND-Behavioral-Cloning-P3/data/IMG/right_2017_04_23_13_01_03_019.jpg,0,0,0,26.76602
/home/dc-uda/Udacity_SDC/CarND-Behavioral-Cloning-P3/data/IMG/center_2017_04_23_13_01_03_094.jpg,/home/dc-uda/Udacity_SDC/CarND-Behavioral-Cloning-P3/data/IMG/left_2017_04_23_13_01_03_094.jpg,/home/dc-uda/Udacity_SDC/CarND-Behavioral-Cloning-P3/data/IMG/right_2017_04_23_13_01_03_094.jpg,0,0,0,26.54999
/home/dc-uda/Udacity_SDC/CarND-Behavioral-Cloning-P3/data/IMG/center_2017_04_23_13_01_03_167.jpg,/home/dc-uda/Udacity_SDC/CarND-Behavioral-Cloning-P3/data/IMG/left_2017_04_23_13_01_03_167.jpg,/home/dc-uda/Udacity_SDC/CarND-Behavioral-Cloning-P3/data/IMG/right_2017_04_23_13_01_03_167.jpg,0,0,0,26.38904
/home/dc-uda/Udacity_SDC/CarND-Behavioral-Cloning-P3/data/IMG/center_2017_04_23_13_01_03_242.jpg,/home/dc-uda/Udacity_SDC/CarND-Behavioral-Cloning-P3/data/IMG/left_2017_04_23_13_01_03_242.jpg,/home/dc-uda/Udacity_SDC/CarND-Behavioral-Cloning-P3/data/IMG/right_2017_04_23_13_01_03_242.jpg,0,0,0,26.17595
/home/dc-uda/Udacity_SDC/CarND-Behavioral-Cloning-P3/data/IMG/center_2017_04_23_13_01_03_317.jpg,/home/dc-uda/Udacity_SDC/CarND-Behavioral-Cloning-P3/data/IMG/left_2017_04_23_13_01_03_317.jpg,/home/dc-uda/Udacity_SDC/CarND-Behavioral-Cloning-P3/data/IMG/right_2017_04_23_13_01_03_317.jpg,0,0,0,25.96456
/home/dc-uda/Udacity_SDC/CarND-Behavioral-Cloning-P3/data/IMG/center_2017_04_23_13_01_03_391.jpg,/home/dc-uda/Udacity_SDC/CarND-Behavioral-Cloning-P3/data/IMG/left_2017_04_23_13_01_03_391.jpg,/home/dc-uda/Udacity_SDC/CarND-Behavioral-Cloning-P3/data/IMG/right_2017_04_23_13_01_03_391.jpg,0,0,0,25.80714
/home/dc-uda/Udacity_SDC/CarND-Behavioral-Cloning-P3/data/IMG/center_2017_04_23_13_01_03_466.jpg,/home/dc-uda/Udacity_SDC/CarND-Behavioral-Cloning-P3/data/IMG/left_2017_04_23_13_01_03_466.jpg,/home/dc-uda/Udacity_SDC/CarND-Behavioral-Cloning-P3/data/IMG/right_2017_04_23_13_01_03_466.jpg,0,0,0,25.59872
/home/dc-uda/Udacity_SDC/CarND-Behavioral-Cloning-P3/data/IMG/center_2017_04_23_13_01_03_539.jpg,/home/dc-uda/Udacity_SDC/CarND-Behavioral-Cloning-P3/data/IMG/left_2017_04_23_13_01_03_539.jpg,/home/dc-uda/Udacity_SDC/CarND-Behavioral-Cloning-P3/data/IMG/right_2017_04_23_13_01_03_539.jpg,0,0,0,25.39198
/home/dc-uda/Udacity_SDC/CarND-Behavioral-Cloning-P3/data/IMG/center_2017_04_23_13_01_03_611.jpg,/home/dc-uda/Udacity_SDC/CarND-Behavioral-Cloning-P3/data/IMG/left_2017_04_23_13_01_03_611.jpg,/home/dc-uda/Udacity_SDC/CarND-Behavioral-Cloning-P3/data/IMG/right_2017_04_23_13_01_03_611.jpg,0,0,0,25.23801
/home/dc-uda/Udacity_SDC/CarND-Behavioral-Cloning-P3/data/IMG/center_2017_04_23_13_01_03_684.jpg,/home/dc-uda/Udacity_SDC/CarND-Behavioral-Cloning-P3/data/IMG/left_2017_04_23_13_01_03_684.jpg,/home/dc-uda/Udacity_SDC/CarND-Behavioral-Cloning-P3/data/IMG/right_2017_04_23_13_01_03_684.jpg,0,0,0,25.03417
/home/dc-uda/Udacity_SDC/CarND-Behavioral-Cloning-P3/data/IMG/center_2017_04_23_13_01_03_757.jpg,/home/dc-uda/Udacity_SDC/CarND-Behavioral-Cloning-P3/data/IMG/left_2017_04_23_13_01_03_757.jpg,/home/dc-uda/Udacity_SDC/CarND-Behavioral-Cloning-P3/data/IMG/right_2017_04_23_13_01_03_757.jpg,0,0,0,24.83158
/home/dc-uda/Udacity_SDC/CarND-Behavioral-Cloning-P3/data/IMG/center_2017_04_23_13_01_03_831.jpg,/home/dc-uda/Udacity_SDC/CarND-Behavioral-Cloning-P3/data/IMG/left_2017_04_23_13_01_03_831.jpg,/home/dc-uda/Udacity_SDC/CarND-Behavioral-Cloning-P3/data/IMG/right_2017_04_23_13_01_03_831.jpg,0,0,0,24.68065
/home/dc-uda/Udacity_SDC/CarND-Behavioral-Cloning-P3/data/IMG/center_2017_04_23_13_01_03_904.jpg,/home/dc-uda/Udacity_SDC/CarND-Behavioral-Cloning-P3/data/IMG/left_2017_04_23_13_01_03_904.jpg,/home/dc-uda/Udacity_SDC/CarND-Behavioral-Cloning-P3/data/IMG/right_2017_04_23_13_01_03_904.jpg,0,0,0,24.48087
/home/dc-uda/Udacity_SDC/CarND-Behavioral-Cloning-P3/data/IMG/center_2017_04_23_13_01_03_977.jpg,/home/dc-uda/Udacity_SDC/CarND-Behavioral-Cloning-P3/data/IMG/left_2017_04_23_13_01_03_977.jpg,/home/dc-uda/Udacity_SDC/CarND-Behavioral-Cloning-P3/data/IMG/right_2017_04_23_13_01_03_977.jpg,0,0,0,24.2826
/home/dc-uda/Udacity_SDC/CarND-Behavioral-Cloning-P3/data/IMG/center_2017_04_23_13_01_04_049.jpg,/home/dc-uda/Udacity_SDC/CarND-Behavioral-Cloning-P3/data/IMG/left_2017_04_23_13_01_04_049.jpg,/home/dc-uda/Udacity_SDC/CarND-Behavioral-Cloning-P3/data/IMG/right_2017_04_23_13_01_04_049.jpg,0,0,0,24.13477
/home/dc-uda/Udacity_SDC/CarND-Behavioral-Cloning-P3/data/IMG/center_2017_04_23_13_01_04_124.jpg,/home/dc-uda/Udacity_SDC/CarND-Behavioral-Cloning-P3/data/IMG/left_2017_04_23_13_01_04_124.jpg,/home/dc-uda/Udacity_SDC/CarND-Behavioral-Cloning-P3/data/IMG/right_2017_04_23_13_01_04_124.jpg,0,0,0,23.93906
/home/dc-uda/Udacity_SDC/CarND-Behavioral-Cloning-P3/data/IMG/center_2017_04_23_13_01_04_198.jpg,/home/dc-uda/Udacity_SDC/CarND-Behavioral-Cloning-P3/data/IMG/left_2017_04_23_13_01_04_198.jpg,/home/dc-uda/Udacity_SDC/CarND-Behavioral-Cloning-P3/data/IMG/right_2017_04_23_13_01_04_198.jpg,0,0,0,23.74492
/home/dc-uda/Udacity_SDC/CarND-Behavioral-Cloning-P3/data/IMG/center_2017_04_23_13_01_04_273.jpg,/home/dc-uda/Udacity_SDC/CarND-Behavioral-Cloning-P3/data/IMG/left_2017_04_23_13_01_04_273.jpg,/home/dc-uda/Udacity_SDC/CarND-Behavioral-Cloning-P3/data/IMG/right_2017_04_23_13_01_04_273.jpg,0,0,0,23.55233
/home/dc-uda/Udacity_SDC/CarND-Behavioral-Cloning-P3/data/IMG/center_2017_04_23_13_01_04_347.jpg,/home/dc-uda/Udacity_SDC/CarND-Behavioral-Cloning-P3/data/IMG/left_2017_04_23_13_01_04_347.jpg,/home/dc-uda/Udacity_SDC/CarND-Behavioral-Cloning-P3/data/IMG/right_2017_04_23_13_01_04_347.jpg,0,0,0,23.40891
/home/dc-uda/Udacity_SDC/CarND-Behavioral-Cloning-P3/data/IMG/center_2017_04_23_13_01_04_421.jpg,/home/dc-uda/Udacity_SDC/CarND-Behavioral-Cloning-P3/data/IMG/left_2017_04_23_13_01_04_421.jpg,/home/dc-uda/Udacity_SDC/CarND-Behavioral-Cloning-P3/data/IMG/right_2017_04_23_13_01_04_421.jpg,0,0,0,23.21903
/home/dc-uda/Udacity_SDC/CarND-Behavioral-Cloning-P3/data/IMG/center_2017_04_23_13_01_04_496.jpg,/home/dc-uda/Udacity_SDC/CarND-Behavioral-Cloning-P3/data/IMG/left_2017_04_23_13_01_04_496.jpg,/home/dc-uda/Udacity_SDC/CarND-Behavioral-Cloning-P3/data/IMG/right_2017_04_23_13_01_04_496.jpg,0,0,0,23.03026
/home/dc-uda/Udacity_SDC/CarND-Behavioral-Cloning-P3/data/IMG/center_2017_04_23_13_01_04_572.jpg,/home/dc-uda/Udacity_SDC/CarND-Behavioral-Cloning-P3/data/IMG/left_2017_04_23_13_01_04_572.jpg,/home/dc-uda/Udacity_SDC/CarND-Behavioral-Cloning-P3/data/IMG/right_2017_04_23_13_01_04_572.jpg,0,0,0,22.88892
/home/dc-uda/Udacity_SDC/CarND-Behavioral-Cloning-P3/data/IMG/center_2017_04_23_13_01_04_647.jpg,/home/dc-uda/Udacity_SDC/CarND-Behavioral-Cloning-P3/data/IMG/left_2017_04_23_13_01_04_647.jpg,/home/dc-uda/Udacity_SDC/CarND-Behavioral-Cloning-P3/data/IMG/right_2017_04_23_13_01_04_647.jpg,0,0,0,22.70184
/home/dc-uda/Udacity_SDC/CarND-Behavioral-Cloning-P3/data/IMG/center_2017_04_23_13_01_04_722.jpg,/home/dc-uda/Udacity_SDC/CarND-Behavioral-Cloning-P3/data/IMG/left_2017_04_23_13_01_04_722.jpg,/home/dc-uda/Udacity_SDC/CarND-Behavioral-Cloning-P3/data/IMG/right_2017_04_23_13_01_04_722.jpg,0,0,0,22.51634
/home/dc-uda/Udacity_SDC/CarND-Behavioral-Cloning-P3/data/IMG/center_2017_04_23_13_01_04_797.jpg,/home/dc-uda/Udacity_SDC/CarND-Behavioral-Cloning-P3/data/IMG/left_2017_04_23_13_01_04_797.jpg,/home/dc-uda/Udacity_SDC/CarND-Behavioral-Cloning-P3/data/IMG/right_2017_04_23_13_01_04_797.jpg,0,0,0,22.33187
/home/dc-uda/Udacity_SDC/CarND-Behavioral-Cloning-P3/data/IMG/center_2017_04_23_13_01_04_872.jpg,/home/dc-uda/Udacity_SDC/CarND-Behavioral-Cloning-P3/data/IMG/left_2017_04_23_13_01_04_872.jpg,/home/dc-uda/Udacity_SDC/CarND-Behavioral-Cloning-P3/data/IMG/right_2017_04_23_13_01_04_872.jpg,0,0,0,22.19372
/home/dc-uda/Udacity_SDC/CarND-Behavioral-Cloning-P3/data/IMG/center_2017_04_23_13_01_04_947.jpg,/home/dc-uda/Udacity_SDC/CarND-Behavioral-Cloning-P3/data/IMG/left_2017_04_23_13_01_04_947.jpg,/home/dc-uda/Udacity_SDC/CarND-Behavioral-Cloning-P3/data/IMG/right_2017_04_23_13_01_04_947.jpg,-0.1,0,0,22.00855
/home/dc-uda/Udacity_SDC/CarND-Behavioral-Cloning-P3/data/IMG/center_2017_04_23_13_01_05_021.jpg,/home/dc-uda/Udacity_SDC/CarND-Behavioral-Cloning-P3/data/IMG/left_2017_04_23_13_01_05_021.jpg,/home/dc-uda/Udacity_SDC/CarND-Behavioral-Cloning-P3/data/IMG/right_2017_04_23_13_01_05_021.jpg,-0.3,0,0,21.78743
/home/dc-uda/Udacity_SDC/CarND-Behavioral-Cloning-P3/data/IMG/center_2017_04_23_13_01_05_095.jpg,/home/dc-uda/Udacity_SDC/CarND-Behavioral-Cloning-P3/data/IMG/left_2017_04_23_13_01_05_095.jpg,/home/dc-uda/Udacity_SDC/CarND-Behavioral-Cloning-P3/data/IMG/right_2017_04_23_13_01_05_095.jpg,-0.5000001,0,0,21.50573
/home/dc-uda/Udacity_SDC/CarND-Behavioral-Cloning-P3/data/IMG/center_2017_04_23_13_01_05_168.jpg,/home/dc-uda/Udacity_SDC/CarND-Behavioral-Cloning-P3/data/IMG/left_2017_04_23_13_01_05_168.jpg,/home/dc-uda/Udacity_SDC/CarND-Behavioral-Cloning-P3/data/IMG/right_2017_04_23_13_01_05_168.jpg,-0.6500001,0,0,21.2556
/home/dc-uda/Udacity_SDC/CarND-Behavioral-Cloning-P3/data/IMG/center_2017_04_23_13_01_05_244.jpg,/home/dc-uda/Udacity_SDC/CarND-Behavioral-Cloning-P3/data/IMG/left_2017_04_23_13_01_05_244.jpg,/home/dc-uda/Udacity_SDC/CarND-Behavioral-Cloning-P3/data/IMG/right_2017_04_23_13_01_05_244.jpg,-0.7415915,0,0,20.89261
/home/dc-uda/Udacity_SDC/CarND-Behavioral-Cloning-P3/data/IMG/center_2017_04_23_13_01_05_318.jpg,/home/dc-uda/Udacity_SDC/CarND-Behavioral-Cloning-P3/data/IMG/left_2017_04_23_13_01_05_318.jpg,/home/dc-uda/Udacity_SDC/CarND-Behavioral-Cloning-P3/data/IMG/right_2017_04_23_13_01_05_318.jpg,-0.52087,0,0,20.71864
/home/dc-uda/Udacity_SDC/CarND-Behavioral-Cloning-P3/data/IMG/center_2017_04_23_13_01_05_391.jpg,/home/dc-uda/Udacity_SDC/CarND-Behavioral-Cloning-P3/data/IMG/left_2017_04_23_13_01_05_391.jpg,/home/dc-uda/Udacity_SDC/CarND-Behavioral-Cloning-P3/data/IMG/right_2017_04_23_13_01_05_391.jpg,-0.2997665,0,0,20.62853
/home/dc-uda/Udacity_SDC/CarND-Behavioral-Cloning-P3/data/IMG/center_2017_04_23_13_01_05_464.jpg,/home/dc-uda/Udacity_SDC/CarND-Behavioral-Cloning-P3/data/IMG/left_2017_04_23_13_01_05_464.jpg,/home/dc-uda/Udacity_SDC/CarND-Behavioral-Cloning-P3/data/IMG/right_2017_04_23_13_01_05_464.jpg,-0.08160067,0,0,20.47644
/home/dc-uda/Udacity_SDC/CarND-Behavioral-Cloning-P3/data/IMG/center_2017_04_23_13_01_05_534.jpg,/home/dc-uda/Udacity_SDC/CarND-Behavioral-Cloning-P3/data/IMG/left_2017_04_23_13_01_05_534.jpg,/home/dc-uda/Udacity_SDC/CarND-Behavioral-Cloning-P3/data/IMG/right_2017_04_23_13_01_05_534.jpg,0,0,0,20.31641
/home/dc-uda/Udacity_SDC/CarND-Behavioral-Cloning-P3/data/IMG/center_2017_04_23_13_01_05_605.jpg,/home/dc-uda/Udacity_SDC/CarND-Behavioral-Cloning-P3/data/IMG/left_2017_04_23_13_01_05_605.jpg,/home/dc-uda/Udacity_SDC/CarND-Behavioral-Cloning-P3/data/IMG/right_2017_04_23_13_01_05_605.jpg,0,0,0,20.06231
/home/dc-uda/Udacity_SDC/CarND-Behavioral-Cloning-P3/data/IMG/center_2017_04_23_13_01_05_675.jpg,/home/dc-uda/Udacity_SDC/CarND-Behavioral-Cloning-P3/data/IMG/left_2017_04_23_13_01_05_675.jpg,/home/dc-uda/Udacity_SDC/CarND-Behavioral-Cloning-P3/data/IMG/right_2017_04_23_13_01_05_675.jpg,0,0,0,19.89471
/home/dc-uda/Udacity_SDC/CarND-Behavioral-Cloning-P3/data/IMG/center_2017_04_23_13_01_05_745.jpg,/home/dc-uda/Udacity_SDC/CarND-Behavioral-Cloning-P3/data/IMG/left_2017_04_23_13_01_05_745.jpg,/home/dc-uda/Udacity_SDC/CarND-Behavioral-Cloning-P3/data/IMG/right_2017_04_23_13_01_05_745.jpg,0,0,0,19.96097
/home/dc-uda/Udacity_SDC/CarND-Behavioral-Cloning-P3/data/IMG/center_2017_04_23_13_01_05_815.jpg,/home/dc-uda/Udacity_SDC/CarND-Behavioral-Cloning-P3/data/IMG/left_2017_04_23_13_01_05_815.jpg,/home/dc-uda/Udacity_SDC/CarND-Behavioral-Cloning-P3/data/IMG/right_2017_04_23_13_01_05_815.jpg,0,0,0,19.82937
/home/dc-uda/Udacity_SDC/CarND-Behavioral-Cloning-P3/data/IMG/center_2017_04_23_13_01_05_885.jpg,/home/dc-uda/Udacity_SDC/CarND-Behavioral-Cloning-P3/data/IMG/left_2017_04_23_13_01_05_885.jpg,/home/dc-uda/Udacity_SDC/CarND-Behavioral-Cloning-P3/data/IMG/right_2017_04_23_13_01_05_885.jpg,0,0,0,19.41242
/home/dc-uda/Udacity_SDC/CarND-Behavioral-Cloning-P3/data/IMG/center_2017_04_23_13_01_05_955.jpg,/home/dc-uda/Udacity_SDC/CarND-Behavioral-Cloning-P3/data/IMG/left_2017_04_23_13_01_05_955.jpg,/home/dc-uda/Udacity_SDC/CarND-Behavioral-Cloning-P3/data/IMG/right_2017_04_23_13_01_05_955.jpg,0,0,0,19.24207
/home/dc-uda/Udacity_SDC/CarND-Behavioral-Cloning-P3/data/IMG/center_2017_04_23_13_01_06_026.jpg,/home/dc-uda/Udacity_SDC/CarND-Behavioral-Cloning-P3/data/IMG/left_2017_04_23_13_01_06_026.jpg,/home/dc-uda/Udacity_SDC/CarND-Behavioral-Cloning-P3/data/IMG/right_2017_04_23_13_01_06_026.jpg,0,0,0,19.49037
/home/dc-uda/Udacity_SDC/CarND-Behavioral-Cloning-P3/data/IMG/center_2017_04_23_13_01_06_097.jpg,/home/dc-uda/Udacity_SDC/CarND-Behavioral-Cloning-P3/data/IMG/left_2017_04_23_13_01_06_097.jpg,/home/dc-uda/Udacity_SDC/CarND-Behavioral-Cloning-P3/data/IMG/right_2017_04_23_13_01_06_097.jpg,0,0,0,19.35037
/home/dc-uda/Udacity_SDC/CarND-Behavioral-Cloning-P3/data/IMG/center_2017_04_23_13_01_06_169.jpg,/home/dc-uda/Udacity_SDC/CarND-Behavioral-Cloning-P3/data/IMG/left_2017_04_23_13_01_06_169.jpg,/home/dc-uda/Udacity_SDC/CarND-Behavioral-Cloning-P3/data/IMG/right_2017_04_23_13_01_06_169.jpg,0,0,0,18.81636
/home/dc-uda/Udacity_SDC/CarND-Behavioral-Cloning-P3/data/IMG/center_2017_04_23_13_01_06_241.jpg,/home/dc-uda/Udacity_SDC/CarND-Behavioral-Cloning-P3/data/IMG/left_2017_04_23_13_01_06_241.jpg,/home/dc-uda/Udacity_SDC/CarND-Behavioral-Cloning-P3/data/IMG/right_2017_04_23_13_01_06_241.jpg,0,0,0,18.64749
/home/dc-uda/Udacity_SDC/CarND-Behavioral-Cloning-P3/data/IMG/center_2017_04_23_13_01_06_312.jpg,/home/dc-uda/Udacity_SDC/CarND-Behavioral-Cloning-P3/data/IMG/left_2017_04_23_13_01_06_312.jpg,/home/dc-uda/Udacity_SDC/CarND-Behavioral-Cloning-P3/data/IMG/right_2017_04_23_13_01_06_312.jpg,0,0,0,19.00058
/home/dc-uda/Udacity_SDC/CarND-Behavioral-Cloning-P3/data/IMG/center_2017_04_23_13_01_06_382.jpg,/home/dc-uda/Udacity_SDC/CarND-Behavioral-Cloning-P3/data/IMG/left_2017_04_23_13_01_06_382.jpg,/home/dc-uda/Udacity_SDC/CarND-Behavioral-Cloning-P3/data/IMG/right_2017_04_23_13_01_06_382.jpg,0,0,0,18.85605
/home/dc-uda/Udacity_SDC/CarND-Behavioral-Cloning-P3/data/IMG/center_2017_04_23_13_01_06_454.jpg,/home/dc-uda/Udacity_SDC/CarND-Behavioral-Cloning-P3/data/IMG/left_2017_04_23_13_01_06_454.jpg,/home/dc-uda/Udacity_SDC/CarND-Behavioral-Cloning-P3/data/IMG/right_2017_04_23_13_01_06_454.jpg,0,0,0,18.70965
/home/dc-uda/Udacity_SDC/CarND-Behavioral-Cloning-P3/data/IMG/center_2017_04_23_13_01_06_524.jpg,/home/dc-uda/Udacity_SDC/CarND-Behavioral-Cloning-P3/data/IMG/left_2017_04_23_13_01_06_524.jpg,/home/dc-uda/Udacity_SDC/CarND-Behavioral-Cloning-P3/data/IMG/right_2017_04_23_13_01_06_524.jpg,0,0,0,18.10072
/home/dc-uda/Udacity_SDC/CarND-Behavioral-Cloning-P3/data/IMG/center_2017_04_23_13_01_06_594.jpg,/home/dc-uda/Udacity_SDC/CarND-Behavioral-Cloning-P3/data/IMG/left_2017_04_23_13_01_06_594.jpg,/home/dc-uda/Udacity_SDC/CarND-Behavioral-Cloning-P3/data/IMG/right_2017_04_23_13_01_06_594.jpg,0,0,0,17.95043
/home/dc-uda/Udacity_SDC/CarND-Behavioral-Cloning-P3/data/IMG/center_2017_04_23_13_01_06_666.jpg,/home/dc-uda/Udacity_SDC/CarND-Behavioral-Cloning-P3/data/IMG/left_2017_04_23_13_01_06_666.jpg,/home/dc-uda/Udacity_SDC/CarND-Behavioral-Cloning-P3/data/IMG/right_2017_04_23_13_01_06_666.jpg,0,0,0,18.34583
/home/dc-uda/Udacity_SDC/CarND-Behavioral-Cloning-P3/data/IMG/center_2017_04_23_13_01_06_736.jpg,/home/dc-uda/Udacity_SDC/CarND-Behavioral-Cloning-P3/data/IMG/left_2017_04_23_13_01_06_736.jpg,/home/dc-uda/Udacity_SDC/CarND-Behavioral-Cloning-P3/data/IMG/right_2017_04_23_13_01_06_736.jpg,0,0,0,18.204
/home/dc-uda/Udacity_SDC/CarND-Behavioral-Cloning-P3/data/IMG/center_2017_04_23_13_01_06_808.jpg,/home/dc-uda/Udacity_SDC/CarND-Behavioral-Cloning-P3/data/IMG/left_2017_04_23_13_01_06_808.jpg,/home/dc-uda/Udacity_SDC/CarND-Behavioral-Cloning-P3/data/IMG/right_2017_04_23_13_01_06_808.jpg,0,0,0,17.57441
/home/dc-uda/Udacity_SDC/CarND-Behavioral-Cloning-P3/data/IMG/center_2017_04_23_13_01_06_879.jpg,/home/dc-uda/Udacity_SDC/CarND-Behavioral-Cloning-P3/data/IMG/left_2017_04_23_13_01_06_879.jpg,/home/dc-uda/Udacity_SDC/CarND-Behavioral-Cloning-P3/data/IMG/right_2017_04_23_13_01_06_879.jpg,0,0,0,17.43078
/home/dc-uda/Udacity_SDC/CarND-Behavioral-Cloning-P3/data/IMG/center_2017_04_23_13_01_07_025.jpg,/home/dc-uda/Udacity_SDC/CarND-Behavioral-Cloning-P3/data/IMG/left_2017_04_23_13_01_07_025.jpg,/home/dc-uda/Udacity_SDC/CarND-Behavioral-Cloning-P3/data/IMG/right_2017_04_23_13_01_07_025.jpg,0,0,0,17.84546
/home/dc-uda/Udacity_SDC/CarND-Behavioral-Cloning-P3/data/IMG/center_2017_04_23_13_20_18_712.jpg,/home/dc-uda/Udacity_SDC/CarND-Behavioral-Cloning-P3/data/IMG/left_2017_04_23_13_20_18_712.jpg,/home/dc-uda/Udacity_SDC/CarND-Behavioral-Cloning-P3/data/IMG/right_2017_04_23_13_20_18_712.jpg,0,0,0,17.05731
/home/dc-uda/Udacity_SDC/CarND-Behavioral-Cloning-P3/data/IMG/center_2017_04_23_13_20_18_795.jpg,/home/dc-uda/Udacity_SDC/CarND-Behavioral-Cloning-P3/data/IMG/left_2017_04_23_13_20_18_795.jpg,/home/dc-uda/Udacity_SDC/CarND-Behavioral-Cloning-P3/data/IMG/right_2017_04_23_13_20_18_795.jpg,0,0,0,16.92567
/home/dc-uda/Udacity_SDC/CarND-Behavioral-Cloning-P3/data/IMG/center_2017_04_23_13_20_18_867.jpg,/home/dc-uda/Udacity_SDC/CarND-Behavioral-Cloning-P3/data/IMG/left_2017_04_23_13_20_18_867.jpg,/home/dc-uda/Udacity_SDC/CarND-Behavioral-Cloning-P3/data/IMG/right_2017_04_23_13_20_18_867.jpg,0,0,0,16.28146
/home/dc-uda/Udacity_SDC/CarND-Behavioral-Cloning-P3/data/IMG/center_2017_04_23_13_20_18_943.jpg,/home/dc-uda/Udacity_SDC/CarND-Behavioral-Cloning-P3/data/IMG/left_2017_04_23_13_20_18_943.jpg,/home/dc-uda/Udacity_SDC/CarND-Behavioral-Cloning-P3/data/IMG/right_2017_04_23_13_20_18_943.jpg,0,0,0,16.1501
/home/dc-uda/Udacity_SDC/CarND-Behavioral-Cloning-P3/data/IMG/center_2017_04_23_13_20_19_021.jpg,/home/dc-uda/Udacity_SDC/CarND-Behavioral-Cloning-P3/data/IMG/left_2017_04_23_13_20_19_021.jpg,/home/dc-uda/Udacity_SDC/CarND-Behavioral-Cloning-P3/data/IMG/right_2017_04_23_13_20_19_021.jpg,0,0,0,16.02114
/home/dc-uda/Udacity_SDC/CarND-Behavioral-Cloning-P3/data/IMG/center_2017_04_23_13_20_19_097.jpg,/home/dc-uda/Udacity_SDC/CarND-Behavioral-Cloning-P3/data/IMG/left_2017_04_23_13_20_19_097.jpg,/home/dc-uda/Udacity_SDC/CarND-Behavioral-Cloning-P3/data/IMG/right_2017_04_23_13_20_19_097.jpg,0,0,0,15.89532
/home/dc-uda/Udacity_SDC/CarND-Behavioral-Cloning-P3/data/IMG/center_2017_04_23_13_20_19_173.jpg,/home/dc-uda/Udacity_SDC/CarND-Behavioral-Cloning-P3/data/IMG/left_2017_04_23_13_20_19_173.jpg,/home/dc-uda/Udacity_SDC/CarND-Behavioral-Cloning-P3/data/IMG/right_2017_04_23_13_20_19_173.jpg,0,0,0,15.77468
/home/dc-uda/Udacity_SDC/CarND-Behavioral-Cloning-P3/data/IMG/center_2017_04_23_13_20_19_249.jpg,/home/dc-uda/Udacity_SDC/CarND-Behavioral-Cloning-P3/data/IMG/left_2017_04_23_13_20_19_249.jpg,/home/dc-uda/Udacity_SDC/CarND-Behavioral-Cloning-P3/data/IMG/right_2017_04_23_13_20_19_249.jpg,0,0,0,15.65911
/home/dc-uda/Udacity_SDC/CarND-Behavioral-Cloning-P3/data/IMG/center_2017_04_23_13_20_19_325.jpg,/home/dc-uda/Udacity_SDC/CarND-Behavioral-Cloning-P3/data/IMG/left_2017_04_23_13_20_19_325.jpg,/home/dc-uda/Udacity_SDC/CarND-Behavioral-Cloning-P3/data/IMG/right_2017_04_23_13_20_19_325.jpg,0,0,0,16.10486
/home/dc-uda/Udacity_SDC/CarND-Behavioral-Cloning-P3/data/IMG/center_2017_04_23_13_20_19_406.jpg,/home/dc-uda/Udacity_SDC/CarND-Behavioral-Cloning-P3/data/IMG/left_2017_04_23_13_20_19_406.jpg,/home/dc-uda/Udacity_SDC/CarND-Behavioral-Cloning-P3/data/IMG/right_2017_04_23_13_20_19_406.jpg,0,0,0,15.98171
/home/dc-uda/Udacity_SDC/CarND-Behavioral-Cloning-P3/data/IMG/center_2017_04_23_13_20_19_483.jpg,/home/dc-uda/Udacity_SDC/CarND-Behavioral-Cloning-P3/data/IMG/left_2017_04_23_13_20_19_483.jpg,/home/dc-uda/Udacity_SDC/CarND-Behavioral-Cloning-P3/data/IMG/right_2017_04_23_13_20_19_483.jpg,0,0,0,15.85853
/home/dc-uda/Udacity_SDC/CarND-Behavioral-Cloning-P3/data/IMG/center_2017_04_23_13_20_19_559.jpg,/home/dc-uda/Udacity_SDC/CarND-Behavioral-Cloning-P3/data/IMG/left_2017_04_23_13_20_19_559.jpg,/home/dc-uda/Udacity_SDC/CarND-Behavioral-Cloning-P3/data/IMG/right_2017_04_23_13_20_19_559.jpg,0,0,0,15.7367
/home/dc-uda/Udacity_SDC/CarND-Behavioral-Cloning-P3/data/IMG/center_2017_04_23_13_20_19_636.jpg,/home/dc-uda/Udacity_SDC/CarND-Behavioral-Cloning-P3/data/IMG/left_2017_04_23_13_20_19_636.jpg,/home/dc-uda/Udacity_SDC/CarND-Behavioral-Cloning-P3/data/IMG/right_2017_04_23_13_20_19_636.jpg,0,0,0,15.61127
/home/dc-uda/Udacity_SDC/CarND-Behavioral-Cloning-P3/data/IMG/center_2017_04_23_13_20_19_712.jpg,/home/dc-uda/Udacity_SDC/CarND-Behavioral-Cloning-P3/data/IMG/left_2017_04_23_13_20_19_712.jpg,/home/dc-uda/Udacity_SDC/CarND-Behavioral-Cloning-P3/data/IMG/right_2017_04_23_13_20_19_712.jpg,0,0,0,15.48829
/home/dc-uda/Udacity_SDC/CarND-Behavioral-Cloning-P3/data/IMG/center_2017_04_23_13_20_19_785.jpg,/home/dc-uda/Udacity_SDC/CarND-Behavioral-Cloning-P3/data/IMG/left_2017_04_23_13_20_19_785.jpg,/home/dc-uda/Udacity_SDC/CarND-Behavioral-Cloning-P3/data/IMG/right_2017_04_23_13_20_19_785.jpg,0,0,0,14.87883
/home/dc-uda/Udacity_SDC/CarND-Behavioral-Cloning-P3/data/IMG/center_2017_04_23_13_20_19_860.jpg,/home/dc-uda/Udacity_SDC/CarND-Behavioral-Cloning-P3/data/IMG/left_2017_04_23_13_20_19_860.jpg,/home/dc-uda/Udacity_SDC/CarND-Behavioral-Cloning-P3/data/IMG/right_2017_04_23_13_20_19_860.jpg,0,0,0,14.75937
/home/dc-uda/Udacity_SDC/CarND-Behavioral-Cloning-P3/data/IMG/center_2017_04_23_13_20_19_937.jpg,/home/dc-uda/Udacity_SDC/CarND-Behavioral-Cloning-P3/data/IMG/left_2017_04_23_13_20_19_937.jpg,/home/dc-uda/Udacity_SDC/CarND-Behavioral-Cloning-P3/data/IMG/right_2017_04_23_13_20_19_937.jpg,0,0,0,14.64075
/home/dc-uda/Udacity_SDC/CarND-Behavioral-Cloning-P3/data/IMG/center_2017_04_23_13_20_20_015.jpg,/home/dc-uda/Udacity_SDC/CarND-Behavioral-Cloning-P3/data/IMG/left_2017_04_23_13_20_20_015.jpg,/home/dc-uda/Udacity_SDC/CarND-Behavioral-Cloning-P3/data/IMG/right_2017_04_23_13_20_20_015.jpg,0,0,0,14.52304
/home/dc-uda/Udacity_SDC/CarND-Behavioral-Cloning-P3/data/IMG/center_2017_04_23_13_20_20_139.jpg,/home/dc-uda/Udacity_SDC/CarND-Behavioral-Cloning-P3/data/IMG/left_2017_04_23_13_20_20_139.jpg,/home/dc-uda/Udacity_SDC/CarND-Behavioral-Cloning-P3/data/IMG/right_2017_04_23_13_20_20_139.jpg,0,0,0,14.40628
/home/dc-uda/Udacity_SDC/CarND-Behavioral-Cloning-P3/data/IMG/center_2017_04_23_13_55_46_711.jpg,/home/dc-uda/Udacity_SDC/CarND-Behavioral-Cloning-P3/data/IMG/left_2017_04_23_13_55_46_711.jpg,/home/dc-uda/Udacity_SDC/CarND-Behavioral-Cloning-P3/data/IMG/right_2017_04_23_13_55_46_711.jpg,0,0,0,20.91214
/home/dc-uda/Udacity_SDC/CarND-Behavioral-Cloning-P3/data/IMG/center_2017_04_23_13_55_46_788.jpg,/home/dc-uda/Udacity_SDC/CarND-Behavioral-Cloning-P3/data/IMG/left_2017_04_23_13_55_46_788.jpg,/home/dc-uda/Udacity_SDC/CarND-Behavioral-Cloning-P3/data/IMG/right_2017_04_23_13_55_46_788.jpg,0,0,0,20.74266
/home/dc-uda/Udacity_SDC/CarND-Behavioral-Cloning-P3/data/IMG/center_2017_04_23_13_55_46_865.jpg,/home/dc-uda/Udacity_SDC/CarND-Behavioral-Cloning-P3/data/IMG/left_2017_04_23_13_55_46_865.jpg,/home/dc-uda/Udacity_SDC/CarND-Behavioral-Cloning-P3/data/IMG/right_2017_04_23_13_55_46_865.jpg,0,0,0,20.57441
/home/dc-uda/Udacity_SDC/CarND-Behavioral-Cloning-P3/data/IMG/center_2017_04_23_13_55_46_941.jpg,/home/dc-uda/Udacity_SDC/CarND-Behavioral-Cloning-P3/data/IMG/left_2017_04_23_13_55_46_941.jpg,/home/dc-uda/Udacity_SDC/CarND-Behavioral-Cloning-P3/data/IMG/right_2017_04_23_13_55_46_941.jpg,0,0,0,20.40748
/home/dc-uda/Udacity_SDC/CarND-Behavioral-Cloning-P3/data/IMG/center_2017_04_23_13_55_47_017.jpg,/home/dc-uda/Udacity_SDC/CarND-Behavioral-Cloning-P3/data/IMG/left_2017_04_23_13_55_47_017.jpg,/home/dc-uda/Udacity_SDC/CarND-Behavioral-Cloning-P3/data/IMG/right_2017_04_23_13_55_47_017.jpg,0,0,0,20.24186
/home/dc-uda/Udacity_SDC/CarND-Behavioral-Cloning-P3/data/IMG/center_2017_04_23_13_55_47_093.jpg,/home/dc-uda/Udacity_SDC/CarND-Behavioral-Cloning-P3/data/IMG/left_2017_04_23_13_55_47_093.jpg,/home/dc-uda/Udacity_SDC/CarND-Behavioral-Cloning-P3/data/IMG/right_2017_04_23_13_55_47_093.jpg,0,0,0,20.1183
/home/dc-uda/Udacity_SDC/CarND-Behavioral-Cloning-P3/data/IMG/center_2017_04_23_13_55_47_172.jpg,/home/dc-uda/Udacity_SDC/CarND-Behavioral-Cloning-P3/data/IMG/left_2017_04_23_13_55_47_172.jpg,/home/dc-uda/Udacity_SDC/CarND-Behavioral-Cloning-P3/data/IMG/right_2017_04_23_13_55_47_172.jpg,0,0,0,19.9544
/home/dc-uda/Udacity_SDC/CarND-Behavioral-Cloning-P3/data/IMG/center_2017_04_23_13_55_47_249.jpg,/home/dc-uda/Udacity_SDC/CarND-Behavioral-Cloning-P3/data/IMG/left_2017_04_23_13_55_47_249.jpg,/home/dc-uda/Udacity_SDC/CarND-Behavioral-Cloning-P3/data/IMG/right_2017_04_23_13_55_47_249.jpg,0,0,0,19.79184
/home/dc-uda/Udacity_SDC/CarND-Behavioral-Cloning-P3/data/IMG/center_2017_04_23_13_55_47_328.jpg,/home/dc-uda/Udacity_SDC/CarND-Behavioral-Cloning-P3/data/IMG/left_2017_04_23_13_55_47_328.jpg,/home/dc-uda/Udacity_SDC/CarND-Behavioral-Cloning-P3/data/IMG/right_2017_04_23_13_55_47_328.jpg,0,0,0,19.63061
/home/dc-uda/Udacity_SDC/CarND-Behavioral-Cloning-P3/data/IMG/center_2017_04_23_13_55_47_405.jpg,/home/dc-uda/Udacity_SDC/CarND-Behavioral-Cloning-P3/data/IMG/left_2017_04_23_13_55_47_405.jpg,/home/dc-uda/Udacity_SDC/CarND-Behavioral-Cloning-P3/data/IMG/right_2017_04_23_13_55_47_405.jpg,0,0,0,19.47046
/home/dc-uda/Udacity_SDC/CarND-Behavioral-Cloning-P3/data/IMG/center_2017_04_23_13_55_47_482.jpg,/home/dc-uda/Udacity_SDC/CarND-Behavioral-Cloning-P3/data/IMG/left_2017_04_23_13_55_47_482.jpg,/home/dc-uda/Udacity_SDC/CarND-Behavioral-Cloning-P3/data/IMG/right_2017_04_23_13_55_47_482.jpg,0,0,0,19.31129
/home/dc-uda/Udacity_SDC/CarND-Behavioral-Cloning-P3/data/IMG/center_2017_04_23_13_55_47_560.jpg,/home/dc-uda/Udacity_SDC/CarND-Behavioral-Cloning-P3/data/IMG/left_2017_04_23_13_55_47_560.jpg,/home/dc-uda/Udacity_SDC/CarND-Behavioral-Cloning-P3/data/IMG/right_2017_04_23_13_55_47_560.jpg,0,0,0,19.15335
/home/dc-uda/Udacity_SDC/CarND-Behavioral-Cloning-P3/data/IMG/center_2017_04_23_13_55_47_640.jpg,/home/dc-uda/Udacity_SDC/CarND-Behavioral-Cloning-P3/data/IMG/left_2017_04_23_13_55_47_640.jpg,/home/dc-uda/Udacity_SDC/CarND-Behavioral-Cloning-P3/data/IMG/right_2017_04_23_13_55_47_640.jpg,0,0,0,18.99656
/home/dc-uda/Udacity_SDC/CarND-Behavioral-Cloning-P3/data/IMG/center_2017_04_23_13_55_47_717.jpg,/home/dc-uda/Udacity_SDC/CarND-Behavioral-Cloning-P3/data/IMG/left_2017_04_23_13_55_47_717.jpg,/home/dc-uda/Udacity_SDC/CarND-Behavioral-Cloning-P3/data/IMG/right_2017_04_23_13_55_47_717.jpg,0,0,0,18.84009
/home/dc-uda/Udacity_SDC/CarND-Behavioral-Cloning-P3/data/IMG/center_2017_04_23_13_55_47_795.jpg,/home/dc-uda/Udacity_SDC/CarND-Behavioral-Cloning-P3/data/IMG/left_2017_04_23_13_55_47_795.jpg,/home/dc-uda/Udacity_SDC/CarND-Behavioral-Cloning-P3/data/IMG/right_2017_04_23_13_55_47_795.jpg,0,0,0,18.72595
/home/dc-uda/Udacity_SDC/CarND-Behavioral-Cloning-P3/data/IMG/center_2017_04_23_13_55_47_874.jpg,/home/dc-uda/Udacity_SDC/CarND-Behavioral-Cloning-P3/data/IMG/left_2017_04_23_13_55_47_874.jpg,/home/dc-uda/Udacity_SDC/CarND-Behavioral-Cloning-P3/data/IMG/right_2017_04_23_13_55_47_874.jpg,0,0,0,18.57555
/home/dc-uda/Udacity_SDC/CarND-Behavioral-Cloning-P3/data/IMG/center_2017_04_23_13_55_47_952.jpg,/home/dc-uda/Udacity_SDC/CarND-Behavioral-Cloning-P3/data/IMG/left_2017_04_23_13_55_47_952.jpg,/home/dc-uda/Udacity_SDC/CarND-Behavioral-Cloning-P3/data/IMG/right_2017_04_23_13_55_47_952.jpg,-0.2,0,0,18.43398
/home/dc-uda/Udacity_SDC/CarND-Behavioral-Cloning-P3/data/IMG/center_2017_04_23_13_55_48_030.jpg,/home/dc-uda/Udacity_SDC/CarND-Behavioral-Cloning-P3/data/IMG/left_2017_04_23_13_55_48_030.jpg,/home/dc-uda/Udacity_SDC/CarND-Behavioral-Cloning-P3/data/IMG/right_2017_04_23_13_55_48_030.jpg,-0.4,0,0,18.25878
/home/dc-uda/Udacity_SDC/CarND-Behavioral-Cloning-P3/data/IMG/center_2017_04_23_13_55_48_109.jpg,/home/dc-uda/Udacity_SDC/CarND-Behavioral-Cloning-P3/data/IMG/left_2017_04_23_13_55_48_109.jpg,/home/dc-uda/Udacity_SDC/CarND-Behavioral-Cloning-P3/data/IMG/right_2017_04_23_13_55_48_109.jpg,-0.6000001,0,0,18.02561
/home/dc-uda/Udacity_SDC/CarND-Behavioral-Cloning-P3/data/IMG/center_2017_04_23_13_55_48_187.jpg,/home/dc-uda/Udacity_SDC/CarND-Behavioral-Cloning-P3/data/IMG/left_2017_04_23_13_55_48_187.jpg,/home/dc-uda/Udacity_SDC/CarND-Behavioral-Cloning-P3/data/IMG/right_2017_04_23_13_55_48_187.jpg,-0.8000001,0,0,17.75071
/home/dc-uda/Udacity_SDC/CarND-Behavioral-Cloning-P3/data/IMG/center_2017_04_23_13_55_48_265.jpg,/home/dc-uda/Udacity_SDC/CarND-Behavioral-Cloning-P3/data/IMG/left_2017_04_23_13_55_48_265.jpg,/home/dc-uda/Udacity_SDC/CarND-Behavioral-Cloning-P3/data/IMG/right_2017_04_23_13_55_48_265.jpg,-1,0,0,17.44042
/home/dc-uda/Udacity_SDC/CarND-Behavioral-Cloning-P3/data/IMG/center_2017_04_23_13_55_48_345.jpg,/home/dc-uda/Udacity_SDC/CarND-Behavioral-Cloning-P3/data/IMG/left_2017_04_23_13_55_48_345.jpg,/home/dc-uda/Udacity_SDC/CarND-Behavioral-Cloning-P3/data/IMG/right_2017_04_23_13_55_48_345.jpg,-1,0,0,17.18101
/home/dc-uda/Udacity_SDC/CarND-Behavioral-Cloning-P3/data/IMG/center_2017_04_23_13_55_48_430.jpg,/home/dc-uda/Udacity_SDC/CarND-Behavioral-Cloning-P3/data/IMG/left_2017_04_23_13_55_48_430.jpg,/home/dc-uda/Udacity_SDC/CarND-Behavioral-Cloning-P3/data/IMG/right_2017_04_23_13_55_48_430.jpg,-1,0,0,16.98737
/home/dc-uda/Udacity_SDC/CarND-Behavioral-Cloning-P3/data/IMG/center_2017_04_23_13_55_48_512.jpg,/home/dc-uda/Udacity_SDC/CarND-Behavioral-Cloning-P3/data/IMG/left_2017_04_23_13_55_48_512.jpg,/home/dc-uda/Udacity_SDC/CarND-Behavioral-Cloning-P3/data/IMG/right_2017_04_23_13_55_48_512.jpg,-0.7530193,0,0,16.89437
/home/dc-uda/Udacity_SDC/CarND-Behavioral-Cloning-P3/data/IMG/center_2017_04_23_13_55_48_595.jpg,/home/dc-uda/Udacity_SDC/CarND-Behavioral-Cloning-P3/data/IMG/left_2017_04_23_13_55_48_595.jpg,/home/dc-uda/Udacity_SDC/CarND-Behavioral-Cloning-P3/data/IMG/right_2017_04_23_13_55_48_595.jpg,-0.5049129,0,0,16.8061
/home/dc-uda/Udacity_SDC/CarND-Behavioral-Cloning-P3/data/IMG/center_2017_04_23_13_55_48_662.jpg,/home/dc-uda/Udacity_SDC/CarND-Behavioral-Cloning-P3/data/IMG/left_2017_04_23_13_55_48_662.jpg,/home/dc-uda/Udacity_SDC/CarND-Behavioral-Cloning-P3/data/IMG/right_2017_04_23_13_55_48_662.jpg,-0.3043723,0,0,16.70539
/home/dc-uda/Udacity_SDC/CarND-Behavioral-Cloning-P3/data/IMG/center_2017_04_23_13_55_48_743.jpg,/home/dc-uda/Udacity_SDC/CarND-Behavioral-Cloning-P3/data/IMG/left_2017_04_23_13_55_48_743.jpg,/home/dc-uda/Udacity_SDC/CarND-Behavioral-Cloning-P3/data/IMG/right_2017_04_23_13_55_48_743.jpg,-0.06052876,0,0,16.55315
/home/dc-uda/Udacity_SDC/CarND-Behavioral-Cloning-P3/data/IMG/center_2017_04_23_13_55_48_825.jpg,/home/dc-uda/Udacity_SDC/CarND-Behavioral-Cloning-P3/data/IMG/left_2017_04_23_13_55_48_825.jpg,/home/dc-uda/Udacity_SDC/CarND-Behavioral-Cloning-P3/data/IMG/right_2017_04_23_13_55_48_825.jpg,0,0,0,16.42789
/home/dc-uda/Udacity_SDC/CarND-Behavioral-Cloning-P3/data/IMG/center_2017_04_23_13_55_48_907.jpg,/home/dc-uda/Udacity_SDC/CarND-Behavioral-Cloning-P3/data/IMG/left_2017_04_23_13_55_48_907.jpg,/home/dc-uda/Udacity_SDC/CarND-Behavioral-Cloning-P3/data/IMG/right_2017_04_23_13_55_48_907.jpg,0,0,0,16.30159
/home/dc-uda/Udacity_SDC/CarND-Behavioral-Cloning-P3/data/IMG/center_2017_04_23_13_55_48_988.jpg,/home/dc-uda/Udacity_SDC/CarND-Behavioral-Cloning-P3/data/IMG/left_2017_04_23_13_55_48_988.jpg,/home/dc-uda/Udacity_SDC/CarND-Behavioral-Cloning-P3/data/IMG/right_2017_04_23_13_55_48_988.jpg,0,0,0,16.1771
/home/dc-uda/Udacity_SDC/CarND-Behavioral-Cloning-P3/data/IMG/center_2017_04_23_13_55_49_071.jpg,/home/dc-uda/Udacity_SDC/CarND-Behavioral-Cloning-P3/data/IMG/left_2017_04_23_13_55_49_071.jpg,/home/dc-uda/Udacity_SDC/CarND-Behavioral-Cloning-P3/data/IMG/right_2017_04_23_13_55_49_071.jpg,0,0,0,16.05802
/home/dc-uda/Udacity_SDC/CarND-Behavioral-Cloning-P3/data/IMG/center_2017_04_23_13_55_49_153.jpg,/home/dc-uda/Udacity_SDC/CarND-Behavioral-Cloning-P3/data/IMG/left_2017_04_23_13_55_49_153.jpg,/home/dc-uda/Udacity_SDC/CarND-Behavioral-Cloning-P3/data/IMG/right_2017_04_23_13_55_49_153.jpg,0,0,0,15.93335
/home/dc-uda/Udacity_SDC/CarND-Behavioral-Cloning-P3/data/IMG/center_2017_04_23_13_55_49_304.jpg,/home/dc-uda/Udacity_SDC/CarND-Behavioral-Cloning-P3/data/IMG/left_2017_04_23_13_55_49_304.jpg,/home/dc-uda/Udacity_SDC/CarND-Behavioral-Cloning-P3/data/IMG/right_2017_04_23_13_55_49_304.jpg,0,0,0,15.09288
/home/dc-uda/Udacity_SDC/CarND-Behavioral-Cloning-P3/data/IMG/center_2017_04_23_15_15_50_821.jpg,/home/dc-uda/Udacity_SDC/CarND-Behavioral-Cloning-P3/data/IMG/left_2017_04_23_15_15_50_821.jpg,/home/dc-uda/Udacity_SDC/CarND-Behavioral-Cloning-P3/data/IMG/right_2017_04_23_15_15_50_821.jpg,0.6009638,0,0,11.29138
/home/dc-uda/Udacity_SDC/CarND-Behavioral-Cloning-P3/data/IMG/center_2017_04_23_15_15_50_903.jpg,/home/dc-uda/Udacity_SDC/CarND-Behavioral-Cloning-P3/data/IMG/left_2017_04_23_15_15_50_903.jpg,/home/dc-uda/Udacity_SDC/CarND-Behavioral-Cloning-P3/data/IMG/right_2017_04_23_15_15_50_903.jpg,0.3156669,0,0,11.20677
/home/dc-uda/Udacity_SDC/CarND-Behavioral-Cloning-P3/data/IMG/center_2017_04_23_15_15_50_970.jpg,/home/dc-uda/Udacity_SDC/CarND-Behavioral-Cloning-P3/data/IMG/left_2017_04_23_15_15_50_970.jpg,/home/dc-uda/Udacity_SDC/CarND-Behavioral-Cloning-P3/data/IMG/right_2017_04_23_15_15_50_970.jpg,0.1126058,0,0,11.1362
/home/dc-uda/Udacity_SDC/CarND-Behavioral-Cloning-P3/data/IMG/center_2017_04_23_15_15_51_039.jpg,/home/dc-uda/Udacity_SDC/CarND-Behavioral-Cloning-P3/data/IMG/left_2017_04_23_15_15_51_039.jpg,/home/dc-uda/Udacity_SDC/CarND-Behavioral-Cloning-P3/data/IMG/right_2017_04_23_15_15_51_039.jpg,0,0,0,11.05363
/home/dc-uda/Udacity_SDC/CarND-Behavioral-Cloning-P3/data/IMG/center_2017_04_23_15_15_51_107.jpg,/home/dc-uda/Udacity_SDC/CarND-Behavioral-Cloning-P3/data/IMG/left_2017_04_23_15_15_51_107.jpg,/home/dc-uda/Udacity_SDC/CarND-Behavioral-Cloning-P3/data/IMG/right_2017_04_23_15_15_51_107.jpg,0,0,0,10.95975
/home/dc-uda/Udacity_SDC/CarND-Behavioral-Cloning-P3/data/IMG/center_2017_04_23_15_15_51_177.jpg,/home/dc-uda/Udacity_SDC/CarND-Behavioral-Cloning-P3/data/IMG/left_2017_04_23_15_15_51_177.jpg,/home/dc-uda/Udacity_SDC/CarND-Behavioral-Cloning-P3/data/IMG/right_2017_04_23_15_15_51_177.jpg,0,0,0,10.89304
/home/dc-uda/Udacity_SDC/CarND-Behavioral-Cloning-P3/data/IMG/center_2017_04_23_15_15_51_257.jpg,/home/dc-uda/Udacity_SDC/CarND-Behavioral-Cloning-P3/data/IMG/left_2017_04_23_15_15_51_257.jpg,/home/dc-uda/Udacity_SDC/CarND-Behavioral-Cloning-P3/data/IMG/right_2017_04_23_15_15_51_257.jpg,0.2,0,0,10.79579
/home/dc-uda/Udacity_SDC/CarND-Behavioral-Cloning-P3/data/IMG/center_2017_04_23_15_15_51_325.jpg,/home/dc-uda/Udacity_SDC/CarND-Behavioral-Cloning-P3/data/IMG/left_2017_04_23_15_15_51_325.jpg,/home/dc-uda/Udacity_SDC/CarND-Behavioral-Cloning-P3/data/IMG/right_2017_04_23_15_15_51_325.jpg,0.4,0,0,10.66732
/home/dc-uda/Udacity_SDC/CarND-Behavioral-Cloning-P3/data/IMG/center_2017_04_23_15_15_51_396.jpg,/home/dc-uda/Udacity_SDC/CarND-Behavioral-Cloning-P3/data/IMG/left_2017_04_23_15_15_51_396.jpg,/home/dc-uda/Udacity_SDC/CarND-Behavioral-Cloning-P3/data/IMG/right_2017_04_23_15_15_51_396.jpg,0.5500001,0,0,10.55214
/home/dc-uda/Udacity_SDC/CarND-Behavioral-Cloning-P3/data/IMG/center_2017_04_23_15_15_51_465.jpg,/home/dc-uda/Udacity_SDC/CarND-Behavioral-Cloning-P3/data/IMG/left_2017_04_23_15_15_51_465.jpg,/home/dc-uda/Udacity_SDC/CarND-Behavioral-Cloning-P3/data/IMG/right_2017_04_23_15_15_51_465.jpg,0.7500002,0,0,10.37763
/home/dc-uda/Udacity_SDC/CarND-Behavioral-Cloning-P3/data/IMG/center_2017_04_23_15_15_51_538.jpg,/home/dc-uda/Udacity_SDC/CarND-Behavioral-Cloning-P3/data/IMG/left_2017_04_23_15_15_51_538.jpg,/home/dc-uda/Udacity_SDC/CarND-Behavioral-Cloning-P3/data/IMG/right_2017_04_23_15_15_51_538.jpg,0.9000002,0,0,10.23066
/home/dc-uda/Udacity_SDC/CarND-Behavioral-Cloning-P3/data/IMG/center_2017_04_23_15_15_51_613.jpg,/home/dc-uda/Udacity_SDC/CarND-Behavioral-Cloning-P3/data/IMG/left_2017_04_23_15_15_51_613.jpg,/home/dc-uda/Udacity_SDC/CarND-Behavioral-Cloning-P3/data/IMG/right_2017_04_23_15_15_51_613.jpg,0.7320817,0,0,10.11271
/home/dc-uda/Udacity_SDC/CarND-Behavioral-Cloning-P3/data/IMG/center_2017_04_23_15_15_51_688.jpg,/home/dc-uda/Udacity_SDC/CarND-Behavioral-Cloning-P3/data/IMG/left_2017_04_23_15_15_51_688.jpg,/home/dc-uda/Udacity_SDC/CarND-Behavioral-Cloning-P3/data/IMG/right_2017_04_23_15_15_51_688.jpg,0.5066373,0,0,10.05865
/home/dc-uda/Udacity_SDC/CarND-Behavioral-Cloning-P3/data/IMG/center_2017_04_23_15_15_51_764.jpg,/home/dc-uda/Udacity_SDC/CarND-Behavioral-Cloning-P3/data/IMG/left_2017_04_23_15_15_51_764.jpg,/home/dc-uda/Udacity_SDC/CarND-Behavioral-Cloning-P3/data/IMG/right_2017_04_23_15_15_51_764.jpg,0.3736585,0,0,9.994248
/home/dc-uda/Udacity_SDC/CarND-Behavioral-Cloning-P3/data/IMG/center_2017_04_23_15_15_51_837.jpg,/home/dc-uda/Udacity_SDC/CarND-Behavioral-Cloning-P3/data/IMG/left_2017_04_23_15_15_51_837.jpg,/home/dc-uda/Udacity_SDC/CarND-Behavioral-Cloning-P3/data/IMG/right_2017_04_23_15_15_51_837.jpg,0.5236585,0,0,9.928297
/home/dc-uda/Udacity_SDC/CarND-Behavioral-Cloning-P3/data/IMG/center_2017_04_23_15_15_51_909.jpg,/home/dc-uda/Udacity_SDC/CarND-Behavioral-Cloning-P3/data/IMG/left_2017_04_23_15_15_51_909.jpg,/home/dc-uda/Udacity_SDC/CarND-Behavioral-Cloning-P3/data/IMG/right_2017_04_23_15_15_51_909.jpg,0.7174561,0,0,9.795573
/home/dc-uda/Udacity_SDC/CarND-Behavioral-Cloning-P3/data/IMG/center_2017_04_23_15_15_51_982.jpg,/home/dc-uda/Udacity_SDC/CarND-Behavioral-Cloning-P3/data/IMG/left_2017_04_23_15_15_51_982.jpg,/home/dc-uda/Udacity_SDC/CarND-Behavioral-Cloning-P3/data/IMG/right_2017_04_23_15_15_51_982.jpg,0.5429223,0,0,9.733969
/home/dc-uda/Udacity_SDC/CarND-Behavioral-Cloning-P3/data/IMG/center_2017_04_23_15_15_52_056.jpg,/home/dc-uda/Udacity_SDC/CarND-Behavioral-Cloning-P3/data/IMG/left_2017_04_23_15_15_52_056.jpg,/home/dc-uda/Udacity_SDC/CarND-Behavioral-Cloning-P3/data/IMG/right_2017_04_23_15_15_52_056.jpg,0.2784092,0,0,9.671975
/home/dc-uda/Udacity_SDC/CarND-Behavioral-Cloning-P3/data/IMG/center_2017_04_23_15_15_52_186.jpg,/home/dc-uda/Udacity_SDC/CarND-Behavioral-Cloning-P3/data/IMG/left_2017_04_23_15_15_52_186.jpg,/home/dc-uda/Udacity_SDC/CarND-Behavioral-Cloning-P3/data/IMG/right_2017_04_23_15_15_52_186.jpg,0,0,0,9.039915
